"url","username","password","httpRealm","formActionOrigin","guid","timeCreated","timeLastUsed","timePasswordChanged"
"https://es.pornhub.com","conqueroso","11223345david",,"https://es.pornhub.com","{b8df8947-ac8a-47e2-9c83-89a29f839566}","1634351603085","1634351603085","1634351603085"
"https://twitter.com","ConquerBFD","11223345david",,"","{ce0a6ced-4293-4caa-b230-d10dfe5a5709}","1634336120013","1634336120013","1634336120013"
"https://www.amazon.com","reyes.pareyest@gmail.com","19789461david",,"https://www.amazon.com","{30e70dcd-c3e3-422c-8998-c437e637b119}","1634396735321","1634396735321","1634396735321"
"https://accounts.google.com","reyes.david6564@gmail.com","11223345david",,"https://accounts.google.com","{e47cc966-274f-45e0-94c7-5d9fc0924317}","1637207958281","1661867159143","1637207958281"
"https://srvcas.espe.edu.ec","mavinueza10","Amymel05",,"https://srvcas.espe.edu.ec","{e35f015c-8b10-4a5f-80d4-3199aeb68599}","1638367278940","1638367278940","1638367278940"
"https://srvcas.espe.edu.ec","gcsimbana1","231102",,"https://srvcas.espe.edu.ec","{c99230cc-75b5-436f-8d23-1ee4273a27d8}","1638546860574","1638546860574","1638546860574"
"https://twitter.com","conquerbfd","11223345david",,"","{4f14b50d-c0f4-415c-9b3f-c68f1b95b309}","1640211915279","1640211915279","1640211915279"
"https://www.netflix.com","galofc@hotmail.com","serafin171123",,"https://www.netflix.com","{3cd303c5-2b64-43ba-b4c3-fb3b725f1653}","1640292814557","1640292814557","1640292814557"
"https://www.twitch.tv","conquer64","11223345david",,"https://www.twitch.tv","{04e52ede-7dfd-49ed-998a-b3b1dcd1debe}","1634396499791","1634396499791","1634396499791"
"https://discord.com","estebanreyes36@gmail.com","11223345david",,"https://discord.com","{9e6ae0a3-fcf3-4eae-99ff-0e8a6159f3d9}","1640322528141","1640322528141","1640322528141"
"https://signup.lan.leagueoflegends.com","dereyes5@espe.edu.ec","ConquerJunior64",,"https://signup.lan.leagueoflegends.com","{cee592f8-cee5-4d34-a98b-af026e9996ba}","1640325944690","1640325944690","1640325944690"
"https://auth.riotgames.com","ConquerJunior","11223345david",,"https://auth.riotgames.com","{185ed89d-35fc-4c2d-a07f-a54c6544b2cc}","1639941210990","1639941210990","1639941210990"
"https://github.com","ConquerBFD","11223345david",,"https://github.com","{7ba75fcb-9281-43fe-babf-278ede701005}","1641229361567","1664311447493","1641229361567"
"https://ems.booksandbits.ec","1754314886","11223345david",,"https://ems.booksandbits.ec","{8f5b8f2a-91de-4e05-b293-e9f6a39dd678}","1638216398666","1638216398666","1638216398666"
"https://store.booksandbits.ec","1754314886","11223345david",,"https://store.booksandbits.ec","{4c707a5d-4a1f-4ca2-a33b-75a3dc994267}","1636401198432","1636401198432","1636401198432"
"https://store.steampowered.com","davidquake_pro","11223345david",,"https://store.steampowered.com","{4aecdc55-df72-4a1d-9cae-9a226b275f5b}","1641789978008","1641789978008","1641789978008"
"https://www.amazon.com","estebanreyes36@gmail.com","11223345david",,"https://www.amazon.com","{b23ced3e-857c-4775-935c-66ba4b5a0946}","1641254471111","1641254471111","1641254471111"
"https://servicios-integrados.net","jasancho","Ecuador.2021",,"https://servicios-integrados.net","{7c0aa20e-3c11-4c2e-9cdc-8b8fc2382b77}","1636134917988","1636134917988","1636134917988"
"https://profile.oracle.com","estebanreyes36@gmail.com","0969046911David@",,"https://profile.oracle.com","{72870a7c-16c1-4f72-a904-8f5826bca54a}","1635361116927","1635361116927","1635361116927"
"https://www.xvideos.com","estebanreyes36@gmail.com","11223345david",,"https://www.xvideos.com","{d006ac88-2f52-45ea-9a78-5e117c95662c}","1634351640072","1634351640072","1634351640072"
"https://www.facebook.com","estebanreyes36@gmail.com","11223345David",,"https://www.facebook.com","{18afcb52-1921-4264-b8c4-08b74689acce}","1632541773104","1663919940920","1632541773104"
"https://login.oracle.com","estebanreyes36@gmail.com","0969046911David@",,"https://login.oracle.com","{2f767546-48b3-481b-8f45-da40a20c76e0}","1635361133369","1635361133369","1635361133369"
"https://skmedix.pl","estebanreyes36@gmail.com","11223345david",,"https://skmedix.pl","{f4ede1c2-2878-448f-a193-ac6668f8f620}","1634927376210","1634927376210","1634927376210"
"https://www.reddit.com","ConquerBFD","11223345david",,"https://www.reddit.com","{5acb0c52-c388-4cac-8f50-1df55a28849a}","1634532607817","1664003271474","1634532607817"
"https://es.liveworksheets.com","dereyes5","11223345david",,"https://es.liveworksheets.com","{4a150d7d-fbe5-4fb4-9b70-7f64a3ea7266}","1634853458503","1634853458503","1634853458503"
"https://www.cambridgelms.org","dereyes5","11223345david",,"https://www.cambridgelms.org","{ce6509d7-05a5-4213-b049-2899291c40cf}","1634760182270","1634760182270","1634760182270"
"https://www.englishaula.com","dereyes5@espe.edu.ec","11223345david",,"https://www.englishaula.com","{68925a09-048a-4ef9-bf3a-7f763becbe60}","1637007138234","1637007138234","1637007138234"
"https://stardeos.com","Conquer64","11223345david",,"https://stardeos.com","{c0b3b4ae-10ad-43f4-bf55-f682388cea36}","1633139483638","1633139483638","1633139483638"
"https://auth.riotgames.com","ConquerBFD","11223345david",,"","{29b34aa3-0ae2-42f2-abec-d5c909f3938b}","1634767230944","1663984102884","1634767230944"
"https://servicios-integrados.net","poo_dereyes","Ecuador.2021",,"https://servicios-integrados.net","{1cfed9c7-dc71-4ad8-8722-24b3b67a923e}","1636135838957","1636135838957","1636135838957"
"https://evirtual2.espe.edu.ec","dereyes5","160702",,"https://evirtual2.espe.edu.ec","{1f16cfff-2357-453b-b469-dc2ae8eb3bbb}","1642791749031","1663610349246","1642791749031"
"https://srvcas.espe.edu.ec","dereyes5","160702",,"https://srvcas.espe.edu.ec","{747fae80-aef8-46b2-8a69-73fc83d872c0}","1634155919967","1664412437889","1634155919967"
"https://users.nexusmods.com","conquer64","11223345David",,"https://users.nexusmods.com","{a075d76f-ccb4-4431-8c81-2bf5d5ffe81f}","1643564409728","1643564409728","1643564409728"
"https://id.unity.com","ConquerBFD","11223345David",,"https://id.unity.com","{e5c1fbf3-f6cc-42fb-89ec-34b503fa2524}","1646199355956","1646199355956","1646199355956"
"https://accounts.spotify.com","conqueroso","44556678david",,"","{781221dd-1da5-45c2-b614-5e6d56108777}","1646551140629","1646551140629","1646551140629"
"https://www.questionpro.com","estebanreyes36@gmail.com","11223345david",,"https://www.questionpro.com","{1a316150-09ff-44a7-a608-2d2e03090420}","1646752823925","1646752823925","1646752823925"
"https://id.cisco.com","estebanreyes36@gmail.com","11223345David",,"https://id.cisco.com","{2eedd8ed-7875-491c-8d94-2ec13c620be2}","1660675505991","1660675505991","1660675505991"
"https://accounts.google.com","estebanreyes36@gmail.com","11223345david",,"https://accounts.google.com","{8de8cdea-a7b5-4fc6-b97c-5a7a6f158e37}","1661800224098","1663610529722","1661800224098"
"https://aternos.org","ConquerBFD","11223345david",,"https://aternos.org","{0ca57fe6-472b-4fd9-9c13-0cd5c818612d}","1661911175570","1662087749531","1661911175570"
"https://www.netflix.com","alvarezbreyner007@gmail.com","Alexander007",,"https://www.netflix.com","{0a7601e3-9cbc-49c4-b0be-cb2ae4477ef1}","1662080556064","1663645939195","1662080556064"
"https://www.linkedin.com","dereyes5@espe.edu.ec","11223345david",,"https://www.linkedin.com","{dc6029ad-622e-4acc-9ff4-c26003b7b32b}","1662152050984","1663279326850","1662152050984"
"https://www.freelancer.es","dereyes5@espe.edu.ec","11223345david",,"https://www.freelancer.es","{25f6ba61-8035-4ea0-a9ba-c027f35a61d1}","1662247110823","1662247110823","1662247110823"
"https://supercines.com","estebanreyes36@gmail.com","11223345david",,"https://supercines.com","{7cc15795-e798-45ee-81fb-3d4617e663cc}","1662661845189","1662661845189","1662661845189"
"https://www.freelancer.com","dereyes5@espe.edu.ec","11223345david",,"https://www.freelancer.com","{8ff7691c-f270-4c7f-a086-b3dc4bf19cec}","1663279033353","1664000196167","1663279033353"
"https://github.com","dereyes5","11223345david",,"https://github.com","{459f51d8-21cd-47c3-b3dd-9532bbfac0f1}","1663700272941","1663700272941","1663700272941"
"https://accounts.google.com","estebanreyes369b@gmail.com","11223345david",,"https://accounts.google.com","{4ddc5a28-bc07-4ec7-8417-b52af1bf0c93}","1663984170492","1663984170492","1663984170492"
"chrome://FirefoxAccounts","ac87b01c7d2f4bf4a958347192939646","{""version"":1,""accountData"":{""scopedKeys"":{""https://identity.mozilla.com/apps/oldsync"":{""kid"":""1664437574047-5wYT5UlwOh7XtZeHAr15Bg"",""k"":""cWtUHC8B9PPJfapkOsiKh4Tbnkl95Qud_WhzW4-6FSJ5cY0TabONisKASimsHijmxAEavl7xPOHSSM3eURWjBw"",""kty"":""oct""},""sync:addon_storage"":{""kid"":""1664437574047-BQ0Ic0yLb1T4ND1qAYVHEP-br-VDZ1bn7uecmnx6kFI"",""k"":""jORNa-Eg_a3kQU9QNWE7pPhMq8e-BDmkpoJu5p3zVZVod-Z85xx8o_0K256BfQFkJV6OT_92f0a4obvf9B1ijw"",""kty"":""oct""}},""kSync"":""716b541c2f01f4f3c97daa643ac88a8784db9e497de50b9dfd68735b8fba152279718d1369b38d8ac2804a29ac1e28e6c4011abe5ef13ce1d248cdde5115a307"",""kXCS"":""e70613e549703a1ed7b5978702bd7906"",""kExtSync"":""8ce44d6be120fdade4414f5035613ba4f84cabc7be0439a4a6826ee69df355956877e67ce71c7ca3fd0adb9e817d0164255e8e4fff767f46b8a1bbdff41d628f"",""kExtKbHash"":""050d08734c8b6f54f8343d6a01854710ff9bafe5436756e7eee79c9a7c7a9052""}}","Firefox Accounts credentials",,"{4b8aef68-f8e5-4bf2-9fad-0562896c191b}","1664437573288","1664437573288","1664437608386"
"https://accounts.firefox.com","estebanreyes36@gmail.com","11223345david",,"https://accounts.firefox.com","{b5f0c546-a0f1-4a23-9e12-cd9f3cdec4b5}","1664437576287","1664437576287","1664437576287"